VendorID,tpep_pickup_datetime,tpep_dropoff_datetime,passenger_count,trip_distance,pickup_latitude,pickup_longitude,dropoff_latitude,dropoff_longitude,RatecodeID,payment_type,fare_amount,total_amount
1,2016-06-01 08:00:00,2016-06-01 08:05:00,1,1.0,40.75,-73.99,40.77,-73.97,1,1,10,12
1,2016-06-01 08:00:30,2016-06-01 08:06:30,2,1.5,40.76,-73.97999999999999,40.77,-73.97,1,2,11,13
1,2016-06-01 08:01:00,2016-06-01 08:08:00,3,2.0,40.77,-73.97,40.77,-73.97,1,1,12,14
1,2016-06-01 08:01:30,2016-06-01 08:09:30,1,2.5,40.78,-73.99,40.77,-73.97,1,2,13,15
1,2016-06-01 08:02:00,2016-06-01 08:11:00,2,3.0,40.75,-73.97999999999999,40.77,-73.97,1,1,14,16
1,2016-06-01 08:02:30,2016-06-01 08:12:30,3,3.5,40.76,-73.97,40.77,-73.97,1,2,15,17
1,2016-06-01 08:03:00,2016-06-01 08:14:00,1,4.0,40.77,-73.99,40.77,-73.97,1,1,16,18
1,2016-06-01 08:03:30,2016-06-01 08:15:30,2,4.5,40.78,-73.97999999999999,40.77,-73.97,1,2,17,19
1,2016-06-01 08:04:00,2016-06-01 08:17:00,3,5.0,40.75,-73.97,40.77,-73.97,1,1,18,20
1,2016-06-01 08:04:30,2016-06-01 08:18:30,1,5.5,40.76,-73.99,40.77,-73.97,1,2,19,21
1,2016-06-01 08:05:00,2016-06-01 08:20:00,2,6.0,40.77,-73.97999999999999,40.77,-73.97,1,1,20,22
1,2016-06-01 08:05:30,2016-06-01 08:21:30,3,6.5,40.78,-73.97,40.77,-73.97,1,2,21,23
1,2016-06-01 08:06:00,2016-06-01 08:23:00,1,7.0,40.75,-73.99,40.77,-73.97,1,1,22,24
1,2016-06-01 08:06:30,2016-06-01 08:24:30,2,7.5,40.76,-73.97999999999999,40.77,-73.97,1,2,23,25
1,2016-06-01 08:07:00,2016-06-01 08:26:00,3,8.0,40.77,-73.97,40.77,-73.97,1,1,24,26
1,2016-06-01 08:07:30,2016-06-01 08:27:30,1,1.0,40.78,-73.99,40.77,-73.97,1,2,25,27
1,2016-06-01 08:08:00,2016-06-01 08:29:00,2,1.5,40.75,-73.97999999999999,40.77,-73.97,1,1,26,28
1,2016-06-01 08:08:30,2016-06-01 08:30:30,3,2.0,40.76,-73.97,40.77,-73.97,1,2,27,29
1,2016-06-01 08:09:00,2016-06-01 08:32:00,1,2.5,40.77,-73.99,40.77,-73.97,1,1,28,30
1,2016-06-01 08:09:30,2016-06-01 08:33:30,2,3.0,40.78,-73.97999999999999,40.77,-73.97,1,2,29,31
1,2016-06-01 08:10:00,2016-06-01 08:15:00,3,3.5,40.75,-73.97,40.77,-73.97,1,1,10,12
1,2016-06-01 08:10:30,2016-06-01 08:16:30,1,4.0,40.76,-73.99,40.77,-73.97,1,2,11,13
1,2016-06-01 08:11:00,2016-06-01 08:18:00,2,4.5,40.77,-73.97999999999999,40.77,-73.97,1,1,12,14
1,2016-06-01 08:11:30,2016-06-01 08:19:30,3,5.0,40.78,-73.97,40.77,-73.97,1,2,13,15
1,2016-06-01 08:12:00,2016-06-01 08:21:00,1,5.5,40.75,-73.99,40.77,-73.97,1,1,14,16
1,2016-06-01 08:12:30,2016-06-01 08:22:30,2,6.0,40.76,-73.97999999999999,40.77,-73.97,1,2,15,17
1,2016-06-01 08:13:00,2016-06-01 08:24:00,3,6.5,40.77,-73.97,40.77,-73.97,1,1,16,18
1,2016-06-01 08:13:30,2016-06-01 08:25:30,1,7.0,40.78,-73.99,40.77,-73.97,1,2,17,19
1,2016-06-01 08:14:00,2016-06-01 08:27:00,2,7.5,40.75,-73.97999999999999,40.77,-73.97,1,1,18,20
1,2016-06-01 08:14:30,2016-06-01 08:28:30,3,8.0,40.76,-73.97,40.77,-73.97,1,2,19,21
1,2016-06-01 08:15:00,2016-06-01 08:30:00,1,1.0,40.77,-73.99,40.77,-73.97,1,1,20,22
1,2016-06-01 08:15:30,2016-06-01 08:31:30,2,1.5,40.78,-73.97999999999999,40.77,-73.97,1,2,21,23
1,2016-06-01 08:16:00,2016-06-01 08:33:00,3,2.0,40.75,-73.97,40.77,-73.97,1,1,22,24
1,2016-06-01 08:16:30,2016-06-01 08:34:30,1,2.5,40.76,-73.99,40.77,-73.97,1,2,23,25
1,2016-06-01 08:17:00,2016-06-01 08:36:00,2,3.0,40.77,-73.97999999999999,40.77,-73.97,1,1,24,26
1,2016-06-01 08:17:30,2016-06-01 08:37:30,3,3.5,40.78,-73.97,40.77,-73.97,1,2,25,27
1,2016-06-01 08:18:00,2016-06-01 08:39:00,1,4.0,40.75,-73.99,40.77,-73.97,1,1,26,28
1,2016-06-01 08:18:30,2016-06-01 08:40:30,2,4.5,40.76,-73.97999999999999,40.77,-73.97,1,2,27,29
1,2016-06-01 08:19:00,2016-06-01 08:42:00,3,5.0,40.77,-73.97,40.77,-73.97,1,1,28,30
1,2016-06-01 08:19:30,2016-06-01 08:43:30,1,5.5,40.78,-73.99,40.77,-73.97,1,2,29,31
1,2016-06-01 08:20:00,2016-06-01 08:25:00,2,6.0,40.75,-73.97999999999999,40.77,-73.97,1,1,10,12
1,2016-06-01 08:20:30,2016-06-01 08:26:30,3,6.5,40.76,-73.97,40.77,-73.97,1,2,11,13
1,2016-06-01 08:21:00,2016-06-01 08:28:00,1,7.0,40.77,-73.99,40.77,-73.97,1,1,12,14
1,2016-06-01 08:21:30,2016-06-01 08:29:30,2,7.5,40.78,-73.97999999999999,40.77,-73.97,1,2,13,15
1,2016-06-01 08:22:00,2016-06-01 08:31:00,3,8.0,40.75,-73.97,40.77,-73.97,1,1,14,16
1,2016-06-01 08:22:30,2016-06-01 08:32:30,1,1.0,40.76,-73.99,40.77,-73.97,1,2,15,17
1,2016-06-01 08:23:00,2016-06-01 08:34:00,2,1.5,40.77,-73.97999999999999,40.77,-73.97,1,1,16,18
1,2016-06-01 08:23:30,2016-06-01 08:35:30,3,2.0,40.78,-73.97,40.77,-73.97,1,2,17,19
1,2016-06-01 08:24:00,2016-06-01 08:37:00,1,2.5,40.75,-73.99,40.77,-73.97,1,1,18,20
1,2016-06-01 08:24:30,2016-06-01 08:38:30,2,3.0,40.76,-73.97999999999999,40.77,-73.97,1,2,19,21
1,2016-06-01 08:25:00,2016-06-01 08:40:00,3,3.5,40.77,-73.97,40.77,-73.97,1,1,20,22
1,2016-06-01 08:25:30,2016-06-01 08:41:30,1,4.0,40.78,-73.99,40.77,-73.97,1,2,21,23
1,2016-06-01 08:26:00,2016-06-01 08:43:00,2,4.5,40.75,-73.97999999999999,40.77,-73.97,1,1,22,24
1,2016-06-01 08:26:30,2016-06-01 08:44:30,3,5.0,40.76,-73.97,40.77,-73.97,1,2,23,25
1,2016-06-01 08:27:00,2016-06-01 08:46:00,1,5.5,40.77,-73.99,40.77,-73.97,1,1,24,26
1,2016-06-01 08:27:30,2016-06-01 08:47:30,2,6.0,40.78,-73.97999999999999,40.77,-73.97,1,2,25,27
1,2016-06-01 08:28:00,2016-06-01 08:49:00,3,6.5,40.75,-73.97,40.77,-73.97,1,1,26,28
1,2016-06-01 08:28:30,2016-06-01 08:50:30,1,7.0,40.76,-73.99,40.77,-73.97,1,2,27,29
1,2016-06-01 08:29:00,2016-06-01 08:52:00,2,7.5,40.77,-73.97999999999999,40.77,-73.97,1,1,28,30
1,2016-06-01 08:29:30,2016-06-01 08:53:30,3,8.0,40.78,-73.97,40.77,-73.97,1,2,29,31
1,2016-06-01 08:30:00,2016-06-01 08:35:00,1,1.0,40.75,-73.99,40.77,-73.97,1,1,10,12
1,2016-06-01 08:30:30,2016-06-01 08:36:30,2,1.5,40.76,-73.97999999999999,40.77,-73.97,1,2,11,13
1,2016-06-01 08:31:00,2016-06-01 08:38:00,3,2.0,40.77,-73.97,40.77,-73.97,1,1,12,14
1,2016-06-01 08:31:30,2016-06-01 08:39:30,1,2.5,40.78,-73.99,40.77,-73.97,1,2,13,15
1,2016-06-01 08:32:00,2016-06-01 08:41:00,2,3.0,40.75,-73.97999999999999,40.77,-73.97,1,1,14,16
1,2016-06-01 08:32:30,2016-06-01 08:42:30,3,3.5,40.76,-73.97,40.77,-73.97,1,2,15,17
1,2016-06-01 08:33:00,2016-06-01 08:44:00,1,4.0,40.77,-73.99,40.77,-73.97,1,1,16,18
1,2016-06-01 08:33:30,2016-06-01 08:45:30,2,4.5,40.78,-73.97999999999999,40.77,-73.97,1,2,17,19
1,2016-06-01 08:34:00,2016-06-01 08:47:00,3,5.0,40.75,-73.97,40.77,-73.97,1,1,18,20
1,2016-06-01 08:34:30,2016-06-01 08:48:30,1,5.5,40.76,-73.99,40.77,-73.97,1,2,19,21
1,2016-06-01 08:35:00,2016-06-01 08:50:00,2,6.0,40.77,-73.97999999999999,40.77,-73.97,1,1,20,22
1,2016-06-01 08:35:30,2016-06-01 08:51:30,3,6.5,40.78,-73.97,40.77,-73.97,1,2,21,23
1,2016-06-01 08:36:00,2016-06-01 08:53:00,1,7.0,40.75,-73.99,40.77,-73.97,1,1,22,24
1,2016-06-01 08:36:30,2016-06-01 08:54:30,2,7.5,40.76,-73.97999999999999,40.77,-73.97,1,2,23,25
1,2016-06-01 08:37:00,2016-06-01 08:56:00,3,8.0,40.77,-73.97,40.77,-73.97,1,1,24,26
1,2016-06-01 08:37:30,2016-06-01 08:57:30,1,1.0,40.78,-73.99,40.77,-73.97,1,2,25,27
1,2016-06-01 08:38:00,2016-06-01 08:59:00,2,1.5,40.75,-73.97999999999999,40.77,-73.97,1,1,26,28
1,2016-06-01 08:38:30,2016-06-01 09:00:30,3,2.0,40.76,-73.97,40.77,-73.97,1,2,27,29
1,2016-06-01 08:39:00,2016-06-01 09:02:00,1,2.5,40.77,-73.99,40.77,-73.97,1,1,28,30
1,2016-06-01 08:39:30,2016-06-01 09:03:30,2,3.0,40.78,-73.97999999999999,40.77,-73.97,1,2,29,31
1,2016-06-01 08:40:00,2016-06-01 08:45:00,3,3.5,40.75,-73.97,40.77,-73.97,1,1,10,12
1,2016-06-01 08:40:30,2016-06-01 08:46:30,1,4.0,40.76,-73.99,40.77,-73.97,1,2,11,13
1,2016-06-01 08:41:00,2016-06-01 08:48:00,2,4.5,40.77,-73.97999999999999,40.77,-73.97,1,1,12,14
1,2016-06-01 08:41:30,2016-06-01 08:49:30,3,5.0,40.78,-73.97,40.77,-73.97,1,2,13,15
1,2016-06-01 08:42:00,2016-06-01 08:51:00,1,5.5,40.75,-73.99,40.77,-73.97,1,1,14,16
1,2016-06-01 08:42:30,2016-06-01 08:52:30,2,6.0,40.76,-73.97999999999999,40.77,-73.97,1,2,15,17
1,2016-06-01 08:43:00,2016-06-01 08:54:00,3,6.5,40.77,-73.97,40.77,-73.97,1,1,16,18
1,2016-06-01 08:43:30,2016-06-01 08:55:30,1,7.0,40.78,-73.99,40.77,-73.97,1,2,17,19
1,2016-06-01 08:44:00,2016-06-01 08:57:00,2,7.5,40.75,-73.97999999999999,40.77,-73.97,1,1,18,20
1,2016-06-01 08:44:30,2016-06-01 08:58:30,3,8.0,40.76,-73.97,40.77,-73.97,1,2,19,21
1,2016-06-01 08:45:00,2016-06-01 09:00:00,1,1.0,40.77,-73.99,40.77,-73.97,1,1,20,22
1,2016-06-01 08:45:30,2016-06-01 09:01:30,2,1.5,40.78,-73.97999999999999,40.77,-73.97,1,2,21,23
1,2016-06-01 08:46:00,2016-06-01 09:03:00,3,2.0,40.75,-73.97,40.77,-73.97,1,1,22,24
1,2016-06-01 08:46:30,2016-06-01 09:04:30,1,2.5,40.76,-73.99,40.77,-73.97,1,2,23,25
1,2016-06-01 08:47:00,2016-06-01 09:06:00,2,3.0,40.77,-73.97999999999999,40.77,-73.97,1,1,24,26
1,2016-06-01 08:47:30,2016-06-01 09:07:30,3,3.5,40.78,-73.97,40.77,-73.97,1,2,25,27
1,2016-06-01 08:48:00,2016-06-01 09:09:00,1,4.0,40.75,-73.99,40.77,-73.97,1,1,26,28
1,2016-06-01 08:48:30,2016-06-01 09:10:30,2,4.5,40.76,-73.97999999999999,40.77,-73.97,1,2,27,29
1,2016-06-01 08:49:00,2016-06-01 09:12:00,3,5.0,40.77,-73.97,40.77,-73.97,1,1,28,30
1,2016-06-01 08:49:30,2016-06-01 09:13:30,1,5.5,40.78,-73.99,40.77,-73.97,1,2,29,31
1,2016-06-01 08:50:00,2016-06-01 08:55:00,2,6.0,40.75,-73.97999999999999,40.77,-73.97,1,1,10,12
1,2016-06-01 08:50:30,2016-06-01 08:56:30,3,6.5,40.76,-73.97,40.77,-73.97,1,2,11,13
1,2016-06-01 08:51:00,2016-06-01 08:58:00,1,7.0,40.77,-73.99,40.77,-73.97,1,1,12,14
1,2016-06-01 08:51:30,2016-06-01 08:59:30,2,7.5,40.78,-73.97999999999999,40.77,-73.97,1,2,13,15
1,2016-06-01 08:52:00,2016-06-01 09:01:00,3,8.0,40.75,-73.97,40.77,-73.97,1,1,14,16
1,2016-06-01 08:52:30,2016-06-01 09:02:30,1,1.0,40.76,-73.99,40.77,-73.97,1,2,15,17
1,2016-06-01 08:53:00,2016-06-01 09:04:00,2,1.5,40.77,-73.97999999999999,40.77,-73.97,1,1,16,18
1,2016-06-01 08:53:30,2016-06-01 09:05:30,3,2.0,40.78,-73.97,40.77,-73.97,1,2,17,19
1,2016-06-01 08:54:00,2016-06-01 09:07:00,1,2.5,40.75,-73.99,40.77,-73.97,1,1,18,20
1,2016-06-01 08:54:30,2016-06-01 09:08:30,2,3.0,40.76,-73.97999999999999,40.77,-73.97,1,2,19,21
1,2016-06-01 08:55:00,2016-06-01 09:10:00,3,3.5,40.77,-73.97,40.77,-73.97,1,1,20,22
1,2016-06-01 08:55:30,2016-06-01 09:11:30,1,4.0,40.78,-73.99,40.77,-73.97,1,2,21,23
1,2016-06-01 08:56:00,2016-06-01 09:13:00,2,4.5,40.75,-73.97999999999999,40.77,-73.97,1,1,22,24
1,2016-06-01 08:56:30,2016-06-01 09:14:30,3,5.0,40.76,-73.97,40.77,-73.97,1,2,23,25
1,2016-06-01 08:57:00,2016-06-01 09:16:00,1,5.5,40.77,-73.99,40.77,-73.97,1,1,24,26
1,2016-06-01 08:57:30,2016-06-01 09:17:30,2,6.0,40.78,-73.97999999999999,40.77,-73.97,1,2,25,27
1,2016-06-01 08:58:00,2016-06-01 09:19:00,3,6.5,40.75,-73.97,40.77,-73.97,1,1,26,28
1,2016-06-01 08:58:30,2016-06-01 09:20:30,1,7.0,40.76,-73.99,40.77,-73.97,1,2,27,29
1,2016-06-01 08:59:00,2016-06-01 09:22:00,2,7.5,40.77,-73.97999999999999,40.77,-73.97,1,1,28,30
1,2016-06-01 08:59:30,2016-06-01 09:23:30,3,8.0,40.78,-73.97,40.77,-73.97,1,2,29,31
